compound_id,split,cv_fold,half_life_min,class,binary_class,data_source
CPD-0012,external_test,,120.0,Stable,0,New
CPD-0014,train,0,120.0,Stable,0,New
CPD-0015,train,1,120.0,Stable,0,New
CPD-0020,train,2,120.0,Stable,0,New
CPD-0023,train,4,120.0,Stable,0,New
CPD-0028,external_test,,120.0,Stable,0,New
CPD-0029,train,4,120.0,Stable,0,New
CPD-0030,train,2,110.0,Stable,0,New
CPD-0032,train,1,120.0,Stable,0,New
CPD-0033,train,0,120.0,Stable,0,New
CPD-0034,external_test,,68.87,Stable,0,New
CPD-0035,train,2,120.0,Stable,0,New
CPD-0036,train,4,103.85,Stable,0,New
CPD-0037,train,3,120.0,Stable,0,New
CPD-0042,train,2,120.0,Stable,0,New
CPD-0045,train,0,120.0,Stable,0,New
CPD-0046,train,4,120.0,Stable,0,New
CPD-0051,train,2,120.0,Stable,0,New
CPD-0053,train,4,120.0,Stable,0,New
CPD-0055,train,3,120.0,Stable,0,New
CPD-0056,train,0,120.0,Stable,0,New
CPD-0058,train,1,120.0,Stable,0,New
CPD-0059,train,3,120.0,Stable,0,New
CPD-0060,train,0,120.0,Stable,0,New
CPD-0061,train,4,120.0,Stable,0,New
CPD-0063,train,1,120.0,Stable,0,New
CPD-0064,train,0,120.0,Stable,0,New
CPD-0069,internal_test,,76.34703938,Stable,0,New
CPD-0073,train,3,105.0,Stable,0,New
CPD-0075,train,0,120.0,Stable,0,New
CPD-0078,external_test,,120.0,Stable,0,New
CPD-0080,train,1,90.31646582,Stable,0,New
CPD-0088,internal_test,,109.84,Stable,0,New
CPD-0089,train,2,86.0,Stable,0,New
CPD-0090,train,1,120.0,Stable,0,New
CPD-0092,train,0,111.36,Stable,0,New
CPD-0096,train,1,120.0,Stable,0,New
CPD-0100,train,0,111.35,Stable,0,New
CPD-0102,train,0,93.6,Stable,0,New
CPD-0103,train,1,111.05,Stable,0,New
CPD-0104,train,0,120.0,Stable,0,New
CPD-0106,train,3,120.0,Stable,0,New
CPD-0107,train,4,120.0,Stable,0,New
CPD-0109,train,0,94.72,Stable,0,New
CPD-0116,train,4,120.0,Stable,0,New
CPD-0119,train,0,95.65,Stable,0,New
CPD-0121,internal_test,,120.0,Stable,0,New
CPD-0122,train,0,120.0,Stable,0,New
CPD-0126,train,1,120.0,Stable,0,New
CPD-0128,internal_test,,120.0,Stable,0,New
CPD-0131,train,4,120.0,Stable,0,New
CPD-0133,train,3,120.0,Stable,0,New
CPD-0134,train,1,10.32715708,Unstable,1,New
CPD-0135,internal_test,,101.41,Stable,0,New
CPD-0138,train,1,109.9,Stable,0,New
CPD-0140,internal_test,,120.0,Stable,0,New
CPD-0146,train,2,120.0,Stable,0,New
CPD-0148,external_test,,106.23,Stable,0,New
CPD-0149,external_test,,120.0,Stable,0,New
CPD-0150,train,3,114.41,Stable,0,New
CPD-0151,internal_test,,120.0,Stable,0,New
CPD-0154,train,1,57.68141572,Stable,0,New
CPD-0157,train,1,120.0,Stable,0,New
CPD-0158,train,2,120.0,Stable,0,New
CPD-0161,train,3,110.8,Stable,0,New
CPD-0169,train,1,120.0,Stable,0,New
CPD-0172,train,1,54.48102508,Stable,0,New
CPD-0177,train,0,120.0,Stable,0,New
CPD-0178,train,0,120.0,Stable,0,New
CPD-0181,train,1,120.0,Stable,0,New
CPD-0183,external_test,,0.58,Unstable,1,New
CPD-0185,train,3,106.56,Stable,0,New
CPD-0188,external_test,,120.0,Stable,0,New
CPD-0189,train,0,120.0,Stable,0,New
CPD-0193,train,0,120.0,Stable,0,New
CPD-0198,internal_test,,99.09,Stable,0,New
CPD-0199,train,2,5.73,Unstable,1,New
CPD-0200,train,4,120.0,Stable,0,New
CPD-0203,external_test,,5.24,Unstable,1,New
CPD-0204,train,2,103.37,Stable,0,New
CPD-0205,internal_test,,120.0,Stable,0,New
CPD-0206,train,0,70.93,Stable,0,New
CPD-0207,train,2,120.0,Stable,0,New
CPD-0208,train,0,120.0,Stable,0,New
CPD-0209,train,0,120.0,Stable,0,New
CPD-0210,train,1,120.0,Stable,0,New
CPD-0213,external_test,,81.51,Stable,0,New
CPD-0218,train,1,120.0,Stable,0,New
CPD-0220,train,1,107.57,Stable,0,New
CPD-0227,train,1,120.0,Stable,0,New
CPD-0228,train,0,120.0,Stable,0,New
CPD-0230,train,4,85.3775785,Stable,0,New
CPD-0235,train,1,120.0,Stable,0,New
CPD-0236,external_test,,114.9509088,Stable,0,New
CPD-0237,train,0,120.0,Stable,0,New
CPD-0241,train,4,120.0,Stable,0,New
CPD-0243,train,2,120.0,Stable,0,New
CPD-0244,train,0,120.0,Stable,0,New
CPD-0247,external_test,,120.0,Stable,0,New
CPD-0249,train,2,120.0,Stable,0,New
CPD-0250,external_test,,14.57,Unstable,1,New
CPD-0261,train,4,120.0,Stable,0,New
CPD-0263,train,4,120.0,Stable,0,New
CPD-0268,train,4,78.97,Stable,0,New
CPD-0270,external_test,,97.33,Stable,0,New
CPD-0273,train,0,100.0,Stable,0,New
CPD-0275,train,0,120.0,Stable,0,New
CPD-0282,internal_test,,120.0,Stable,0,New
CPD-0284,train,0,120.0,Stable,0,New
CPD-0286,train,4,110.94,Stable,0,New
CPD-0287,internal_test,,120.0,Stable,0,New
CPD-0294,train,2,120.0,Stable,0,New
CPD-0297,train,4,96.67,Stable,0,New
CPD-0300,train,2,26.38,Unstable,1,New
CPD-0301,train,1,120.0,Stable,0,New
CPD-0303,train,4,120.0,Stable,0,New
CPD-0307,external_test,,120.0,Stable,0,New
CPD-0308,train,0,120.0,Stable,0,New
CPD-0310,train,2,100.57,Stable,0,New
CPD-0315,train,1,120.0,Stable,0,New
CPD-0321,train,1,120.0,Stable,0,New
CPD-0329,train,3,102.91,Stable,0,New
CPD-0330,train,3,120.0,Stable,0,New
CPD-0331,train,2,120.0,Stable,0,New
CPD-0332,train,2,120.0,Stable,0,New
CPD-0335,train,3,22.05,Unstable,1,New
CPD-0339,external_test,,50.76,Stable,0,New
CPD-0340,internal_test,,120.0,Stable,0,New
CPD-0342,train,2,120.0,Stable,0,New
CPD-0352,train,4,120.0,Stable,0,New
CPD-0354,train,3,36.69,Stable,0,New
CPD-0355,train,0,120.0,Stable,0,New
CPD-0356,train,0,120.0,Stable,0,New
CPD-0358,train,4,118.18,Stable,0,New
CPD-0361,train,2,9.390228346,Unstable,1,New
CPD-0362,train,0,99.8,Stable,0,New
CPD-0363,train,4,105.85,Stable,0,New
CPD-0368,train,1,120.0,Stable,0,New
CPD-0370,train,0,120.0,Stable,0,New
CPD-0373,train,0,120.0,Stable,0,New
CPD-0375,external_test,,120.0,Stable,0,New
CPD-0376,train,2,120.0,Stable,0,New
CPD-0378,train,4,40.7,Stable,0,New
CPD-0380,external_test,,120.0,Stable,0,New
CPD-0382,external_test,,120.0,Stable,0,New
CPD-0389,train,0,120.0,Stable,0,New
CPD-0390,train,1,120.0,Stable,0,New
CPD-0391,external_test,,111.11,Stable,0,New
CPD-0392,train,3,75.76,Stable,0,New
CPD-0398,train,3,120.0,Stable,0,New
CPD-0400,train,2,101.92,Stable,0,New
CPD-0402,train,4,120.0,Stable,0,New
CPD-0404,train,2,71.28364326,Stable,0,New
CPD-0405,train,3,96.37,Stable,0,New
CPD-0407,train,1,120.0,Stable,0,New
CPD-0414,train,1,120.0,Stable,0,New
CPD-0416,train,1,120.0,Stable,0,New
CPD-0417,train,2,120.0,Stable,0,New
CPD-0419,train,3,38.16445842,Stable,0,New
CPD-0420,train,0,120.0,Stable,0,New
CPD-0422,train,3,120.0,Stable,0,New
CPD-0423,external_test,,84.6655187,Stable,0,New
CPD-0428,internal_test,,120.0,Stable,0,New
CPD-0430,train,0,120.0,Stable,0,New
CPD-0431,external_test,,120.0,Stable,0,New
CPD-0434,train,1,120.0,Stable,0,New
CPD-0435,train,4,120.0,Stable,0,New
CPD-0447,external_test,,120.0,Stable,0,New
CPD-0448,train,0,3.22,Unstable,1,New
CPD-0449,train,0,120.0,Stable,0,New
CPD-0450,train,0,120.0,Stable,0,New
CPD-0451,train,4,105.94,Stable,0,New
CPD-0452,train,3,11.88,Unstable,1,New
CPD-0459,internal_test,,120.0,Stable,0,New
CPD-0463,train,2,120.0,Stable,0,New
CPD-0466,train,1,120.0,Stable,0,New
CPD-0467,train,4,120.0,Stable,0,New
CPD-0468,train,1,95.01,Stable,0,New
CPD-0470,train,2,120.0,Stable,0,New
CPD-0473,train,1,56.06447191,Stable,0,New
CPD-0475,train,3,120.0,Stable,0,New
CPD-0479,train,4,23.64,Unstable,1,New
CPD-0483,train,3,30.34,Stable,0,New
CPD-0484,external_test,,120.0,Stable,0,New
CPD-0486,train,0,120.0,Stable,0,New
CPD-0491,train,2,120.0,Stable,0,New
CPD-0493,train,3,120.0,Stable,0,New
CPD-0496,train,2,120.0,Stable,0,New
CPD-0503,train,0,95.19,Stable,0,New
CPD-0509,external_test,,120.0,Stable,0,New
CPD-0510,train,4,15.38,Unstable,1,New
CPD-0514,external_test,,120.0,Stable,0,New
CPD-0516,train,0,120.0,Stable,0,New
CPD-0518,train,4,120.0,Stable,0,New
CPD-0520,internal_test,,120.0,Stable,0,New
CPD-0521,train,2,78.98180026,Stable,0,New
CPD-0523,train,3,107.73,Stable,0,New
CPD-0524,train,3,103.17,Stable,0,New
CPD-0525,external_test,,120.0,Stable,0,New
CPD-0526,train,4,67.31,Stable,0,New
CPD-0527,train,4,120.0,Stable,0,New
CPD-0531,train,2,120.0,Stable,0,New
CPD-0533,train,1,120.0,Stable,0,New
CPD-0534,train,3,120.0,Stable,0,New
CPD-0539,train,4,29.49,Unstable,1,New
CPD-0540,train,1,120.0,Stable,0,New
CPD-0544,train,2,109.21,Stable,0,New
CPD-0548,external_test,,120.0,Stable,0,New
CPD-0549,train,3,120.0,Stable,0,New
CPD-0552,train,0,120.0,Stable,0,New
CPD-0556,train,2,120.0,Stable,0,New
CPD-0557,train,3,120.0,Stable,0,New
CPD-0558,train,0,120.0,Stable,0,New
CPD-0561,train,1,120.0,Stable,0,New
CPD-0564,internal_test,,55.2,Stable,0,New
CPD-0571,train,3,120.0,Stable,0,New
CPD-0579,train,3,109.24,Stable,0,New
CPD-0588,train,1,120.0,Stable,0,New
CPD-0589,train,0,120.0,Stable,0,New
CPD-0591,train,0,120.0,Stable,0,New
CPD-0592,train,1,81.77102549,Stable,0,New
CPD-0593,train,3,96.3,Stable,0,New
CPD-0599,internal_test,,120.0,Stable,0,New
CPD-0602,train,2,120.0,Stable,0,New
CPD-0606,external_test,,120.0,Stable,0,New
CPD-0608,train,1,120.0,Stable,0,New
CPD-0611,external_test,,120.0,Stable,0,New
CPD-0613,train,3,120.0,Stable,0,New
CPD-0615,train,3,120.0,Stable,0,New
CPD-0616,internal_test,,120.0,Stable,0,New
CPD-0618,train,2,120.0,Stable,0,New
CPD-0620,external_test,,73.13,Stable,0,New
CPD-0625,train,0,93.76,Stable,0,New
CPD-0626,train,1,93.6,Stable,0,New
CPD-0628,train,0,120.0,Stable,0,New
CPD-0629,train,2,120.0,Stable,0,New
CPD-0633,train,4,120.0,Stable,0,New
CPD-0634,train,1,120.0,Stable,0,New
CPD-0637,train,4,120.0,Stable,0,New
CPD-0639,train,2,2.464174852,Unstable,1,New
CPD-0640,train,2,1.904912442,Unstable,1,New
CPD-0641,external_test,,120.0,Stable,0,New
CPD-0642,train,4,120.0,Stable,0,New
CPD-0644,train,2,119.6591977,Stable,0,New
CPD-0648,internal_test,,120.0,Stable,0,New
CPD-0650,train,3,82.75825579,Stable,0,New
CPD-0652,external_test,,120.0,Stable,0,New
CPD-0653,train,4,120.0,Stable,0,New
CPD-0656,train,0,26.01,Unstable,1,New
CPD-0657,train,1,120.0,Stable,0,New
CPD-0659,train,2,120.0,Stable,0,New
CPD-0662,external_test,,120.0,Stable,0,New
CPD-0668,train,2,120.0,Stable,0,New
CPD-0671,train,4,120.0,Stable,0,New
CPD-0676,train,4,120.0,Stable,0,New
CPD-0694,train,1,97.80055558,Stable,0,New
CPD-0698,train,3,13.13,Unstable,1,New
CPD-0700,train,0,93.18,Stable,0,New
CPD-0701,train,2,107.6374843,Stable,0,New
CPD-0702,train,0,120.0,Stable,0,New
CPD-0703,internal_test,,120.0,Stable,0,New
CPD-0704,train,4,120.0,Stable,0,New
CPD-0707,train,3,120.0,Stable,0,New
CPD-0708,internal_test,,120.0,Stable,0,New
CPD-0712,train,0,105.5169764,Stable,0,New
CPD-0714,train,3,120.0,Stable,0,New
CPD-0720,train,0,120.0,Stable,0,New
CPD-0722,train,2,120.0,Stable,0,New
CPD-0724,train,3,120.0,Stable,0,New
CPD-0725,train,2,120.0,Stable,0,New
CPD-0726,train,3,83.14,Stable,0,New
CPD-0730,train,3,120.0,Stable,0,New
CPD-0737,train,3,120.0,Stable,0,New
CPD-0748,external_test,,21.13,Unstable,1,New
CPD-0750,train,3,120.0,Stable,0,New
CPD-0751,train,3,25.19425028,Unstable,1,New
CPD-0752,external_test,,120.0,Stable,0,New
CPD-0753,external_test,,78.61,Stable,0,New
CPD-0760,internal_test,,101.74,Stable,0,New
CPD-0763,train,2,120.0,Stable,0,New
CPD-0764,train,1,120.0,Stable,0,New
CPD-0765,train,2,120.0,Stable,0,New
CPD-0766,train,0,120.0,Stable,0,New
CPD-0776,train,2,120.0,Stable,0,New
CPD-0777,train,4,120.0,Stable,0,New
CPD-0780,train,0,120.0,Stable,0,New
CPD-0784,train,2,120.0,Stable,0,New
CPD-0786,internal_test,,120.0,Stable,0,New
CPD-0787,train,4,120.0,Stable,0,New
CPD-0788,train,0,120.0,Stable,0,New
CPD-0790,train,2,120.0,Stable,0,New
CPD-0792,train,3,58.2,Stable,0,New
CPD-0796,train,2,120.0,Stable,0,New
CPD-0797,train,1,120.0,Stable,0,New
CPD-0798,train,3,120.0,Stable,0,New
CPD-0799,train,0,120.0,Stable,0,New
CPD-0801,train,2,120.0,Stable,0,New
CPD-0802,train,2,120.0,Stable,0,New
CPD-0807,train,3,120.0,Stable,0,New
CPD-0808,external_test,,120.0,Stable,0,New
CPD-0814,external_test,,88.25,Stable,0,New
CPD-0817,train,0,14.26,Unstable,1,New
CPD-0819,train,0,120.0,Stable,0,New
CPD-0821,train,2,120.0,Stable,0,New
CPD-0824,train,3,120.0,Stable,0,New
CPD-0827,internal_test,,36.33381874,Stable,0,New
CPD-0828,train,4,101.78,Stable,0,New
CPD-0829,internal_test,,120.0,Stable,0,New
CPD-0832,train,0,120.0,Stable,0,New
CPD-0834,train,4,120.0,Stable,0,New
CPD-0840,external_test,,120.0,Stable,0,New
CPD-0843,internal_test,,120.0,Stable,0,New
CPD-0845,internal_test,,120.0,Stable,0,New
CPD-0847,train,4,120.0,Stable,0,New
CPD-0848,train,0,120.0,Stable,0,New
CPD-0849,train,4,86.99,Stable,0,New
CPD-0852,train,2,120.0,Stable,0,New
CPD-0853,internal_test,,1.967166256,Unstable,1,New
CPD-0854,train,3,120.0,Stable,0,New
CPD-0855,train,1,120.0,Stable,0,New
CPD-0856,train,2,120.0,Stable,0,New
CPD-0857,train,0,120.0,Stable,0,New
CPD-0858,internal_test,,120.0,Stable,0,New
CPD-0864,internal_test,,120.0,Stable,0,New
CPD-0869,internal_test,,120.0,Stable,0,New
CPD-0870,train,4,22.93,Unstable,1,New
CPD-0875,train,3,120.0,Stable,0,New
CPD-0879,internal_test,,82.44,Stable,0,New
CPD-0881,train,4,120.0,Stable,0,New
CPD-0885,train,3,120.0,Stable,0,New
CPD-0888,train,2,120.0,Stable,0,New
CPD-0893,train,0,120.0,Stable,0,New
CPD-0895,external_test,,93.84,Stable,0,New
CPD-0896,train,4,95.73290825,Stable,0,New
CPD-0897,train,0,11.2,Unstable,1,New
CPD-0898,external_test,,120.0,Stable,0,New
CPD-0905,train,0,120.0,Stable,0,New
CPD-0907,train,4,120.0,Stable,0,New
CPD-0908,train,0,106.09,Stable,0,New
CPD-0910,train,4,106.4103347,Stable,0,New
CPD-0912,train,3,120.0,Stable,0,New
CPD-0920,train,3,120.0,Stable,0,New
CPD-0921,train,0,120.0,Stable,0,New
CPD-0927,train,2,120.0,Stable,0,New
CPD-0928,train,3,120.0,Stable,0,New
CPD-0933,train,2,62.46,Stable,0,New
CPD-0934,train,3,91.41,Stable,0,New
CPD-0938,train,3,120.0,Stable,0,New
CPD-0940,train,1,48.57,Stable,0,New
CPD-0941,train,3,12.27,Unstable,1,New
CPD-0942,train,1,120.0,Stable,0,New
CPD-0945,train,2,120.0,Stable,0,New
CPD-0946,train,3,90.47986246,Stable,0,New
CPD-0947,train,1,120.0,Stable,0,New
CPD-0949,train,2,120.0,Stable,0,New
CPD-0953,internal_test,,120.0,Stable,0,New
CPD-0957,train,4,117.42,Stable,0,New
CPD-0960,train,1,120.0,Stable,0,New
CPD-0962,train,1,120.0,Stable,0,New
CPD-0963,train,1,120.0,Stable,0,New
CPD-0966,train,4,120.0,Stable,0,New
CPD-0967,train,3,119.72,Stable,0,New
CPD-0968,train,0,19.97,Unstable,1,New
CPD-0969,train,1,120.0,Stable,0,New
CPD-0971,train,0,120.0,Stable,0,New
CPD-0973,train,0,120.0,Stable,0,New
CPD-0975,train,4,120.0,Stable,0,New
CPD-0978,train,3,29.43,Unstable,1,New
CPD-0980,internal_test,,120.0,Stable,0,New
CPD-0984,train,4,120.0,Stable,0,New
CPD-0987,train,0,120.0,Stable,0,New
CPD-0988,train,0,42.8,Stable,0,New
CPD-0989,train,2,120.0,Stable,0,New
CPD-0990,external_test,,46.45,Stable,0,New
CPD-0991,external_test,,120.0,Stable,0,New
CPD-0992,train,2,120.0,Stable,0,New
CPD-0994,train,1,120.0,Stable,0,New
CPD-0995,train,1,120.0,Stable,0,New
CPD-1001,train,4,120.0,Stable,0,New
CPD-1002,train,0,120.0,Stable,0,New
CPD-1003,train,3,120.0,Stable,0,New
CPD-1005,train,3,34.73,Stable,0,New
CPD-1007,external_test,,108.99,Stable,0,New
CPD-1009,train,4,120.0,Stable,0,New
CPD-1013,train,3,92.51,Stable,0,New
CPD-1015,train,1,120.0,Stable,0,New
CPD-1016,train,0,80.54,Stable,0,New
CPD-1017,train,4,72.87,Stable,0,New
CPD-1019,train,0,77.65,Stable,0,New
CPD-1022,train,3,120.0,Stable,0,New
CPD-1029,train,3,40.13,Stable,0,New
CPD-1033,train,4,120.0,Stable,0,New
CPD-1041,train,3,108.77,Stable,0,New
CPD-1049,internal_test,,75.93,Stable,0,New
CPD-1050,train,1,120.0,Stable,0,New
CPD-1052,train,2,120.0,Stable,0,New
CPD-1053,train,4,120.0,Stable,0,New
CPD-1059,train,1,120.0,Stable,0,New
CPD-1060,train,2,6.500951428,Unstable,1,New
CPD-1062,train,2,120.0,Stable,0,New
CPD-1065,train,4,120.0,Stable,0,New
CPD-1066,train,4,65.0,Stable,0,New
CPD-1067,train,1,23.92,Unstable,1,New
CPD-1070,train,4,120.0,Stable,0,New
CPD-1071,train,4,120.0,Stable,0,New
CPD-1074,train,4,120.0,Stable,0,New
CPD-1076,train,1,80.71,Stable,0,New
CPD-1079,train,1,120.0,Stable,0,New
CPD-1081,train,1,106.5667053,Stable,0,New
CPD-1082,train,0,120.0,Stable,0,New
CPD-1083,train,0,113.9521189,Stable,0,New
CPD-1085,train,0,120.0,Stable,0,New
CPD-1086,train,2,3.674475221,Unstable,1,New
CPD-1087,train,2,105.1248948,Stable,0,New
CPD-1089,train,3,120.0,Stable,0,New
CPD-1093,train,1,120.0,Stable,0,New
CPD-1100,train,3,120.0,Stable,0,New
CPD-1101,train,4,120.0,Stable,0,New
CPD-1102,external_test,,120.0,Stable,0,New
CPD-1103,train,4,83.99,Stable,0,New
CPD-1105,train,2,120.0,Stable,0,New
CPD-1107,train,1,120.0,Stable,0,New
CPD-1109,train,0,51.09479095,Stable,0,New
CPD-1118,train,0,120.0,Stable,0,New
CPD-1126,train,3,120.0,Stable,0,New
CPD-1128,train,0,120.0,Stable,0,New
CPD-1131,train,2,120.0,Stable,0,New
CPD-1133,internal_test,,120.0,Stable,0,New
CPD-1134,train,4,104.4431625,Stable,0,New
CPD-1135,train,2,120.0,Stable,0,New
CPD-1137,train,3,120.0,Stable,0,New
CPD-1139,internal_test,,120.0,Stable,0,New
CPD-1141,train,0,120.0,Stable,0,New
CPD-1149,train,2,120.0,Stable,0,New
CPD-1150,train,1,120.0,Stable,0,New
CPD-1151,external_test,,105.61,Stable,0,New
CPD-1157,external_test,,5.0,Unstable,1,New
CPD-1160,train,0,120.0,Stable,0,New
CPD-1163,train,1,116.2261858,Stable,0,New
CPD-1166,internal_test,,13.27,Unstable,1,New
CPD-1171,internal_test,,120.0,Stable,0,New
CPD-1177,train,0,72.38,Stable,0,New
CPD-1179,train,2,16.60906668,Unstable,1,New
CPD-1180,train,4,120.0,Stable,0,New
CPD-1182,train,2,120.0,Stable,0,New
CPD-1185,external_test,,120.0,Stable,0,New
CPD-1187,train,4,120.0,Stable,0,New
CPD-1194,train,2,69.58,Stable,0,New
CPD-1196,train,3,102.85,Stable,0,New
CPD-1197,internal_test,,120.0,Stable,0,New
CPD-1201,train,2,120.0,Stable,0,New
CPD-1202,train,4,100.2687941,Stable,0,New
CPD-1205,train,1,120.0,Stable,0,New
CPD-1206,train,4,90.79,Stable,0,New
CPD-1207,internal_test,,117.38,Stable,0,New
CPD-1211,external_test,,120.0,Stable,0,New
CPD-1212,train,4,25.69,Unstable,1,New
CPD-1213,train,3,109.42,Stable,0,New
CPD-1216,train,4,120.0,Stable,0,New
CPD-1225,internal_test,,120.0,Stable,0,New
CPD-1226,external_test,,69.81,Stable,0,New
CPD-1230,train,4,120.0,Stable,0,New
CPD-1231,train,0,120.0,Stable,0,New
CPD-1233,train,3,84.06,Stable,0,New
CPD-1234,train,4,120.0,Stable,0,New
CPD-1235,train,2,120.0,Stable,0,New
CPD-1240,external_test,,47.0038773,Stable,0,New
CPD-1241,train,2,114.549237,Stable,0,New
CPD-1242,train,4,71.77,Stable,0,New
CPD-1243,train,4,104.1,Stable,0,New
CPD-1244,train,1,120.0,Stable,0,New
CPD-1246,train,2,83.68,Stable,0,New
CPD-1247,train,2,31.05679927,Stable,0,New
CPD-1251,train,1,120.0,Stable,0,New
CPD-1252,train,1,120.0,Stable,0,New
CPD-1259,train,4,120.0,Stable,0,New
CPD-1261,train,3,120.0,Stable,0,New
CPD-1264,train,3,120.0,Stable,0,New
CPD-1267,train,3,120.0,Stable,0,New
CPD-1269,train,3,43.58358146,Stable,0,New
CPD-1270,train,1,120.0,Stable,0,New
CPD-1285,external_test,,61.87546091,Stable,0,New
CPD-1286,train,2,120.0,Stable,0,New
CPD-1289,train,4,73.99566527,Stable,0,New
CPD-1295,train,3,120.0,Stable,0,New
CPD-1296,internal_test,,9.73,Unstable,1,New
CPD-1298,train,1,120.0,Stable,0,New
CPD-1300,train,2,120.0,Stable,0,New
CPD-1301,train,4,120.0,Stable,0,New
CPD-1304,external_test,,120.0,Stable,0,New
CPD-1307,train,0,88.92,Stable,0,New
CPD-1310,train,3,120.0,Stable,0,New
CPD-1311,train,0,120.0,Stable,0,New
CPD-1315,train,2,90.96663061,Stable,0,New
CPD-1318,train,3,120.0,Stable,0,New
CPD-1320,train,1,120.0,Stable,0,New
CPD-1324,train,0,120.0,Stable,0,New
CPD-1325,train,0,120.0,Stable,0,New
CPD-1327,train,0,120.0,Stable,0,New
CPD-1331,train,4,120.0,Stable,0,New
CPD-1334,train,3,120.0,Stable,0,New
CPD-1338,train,1,120.0,Stable,0,New
CPD-1342,train,4,120.0,Stable,0,New
CPD-1346,train,2,120.0,Stable,0,New
CPD-1349,internal_test,,120.0,Stable,0,New
CPD-1351,train,0,120.0,Stable,0,New
CPD-1352,train,1,120.0,Stable,0,New
CPD-1357,train,1,120.0,Stable,0,New
CPD-1358,train,0,120.0,Stable,0,New
CPD-1359,internal_test,,120.0,Stable,0,New
CPD-1360,internal_test,,120.0,Stable,0,New
CPD-1361,external_test,,120.0,Stable,0,New
CPD-1362,external_test,,120.0,Stable,0,New
CPD-1365,train,3,103.0,Stable,0,New
CPD-1366,external_test,,120.0,Stable,0,New
CPD-1369,internal_test,,120.0,Stable,0,New
CPD-1370,train,4,120.0,Stable,0,New
CPD-1373,train,4,120.0,Stable,0,New
CPD-1375,train,3,120.0,Stable,0,New
CPD-1378,internal_test,,87.41,Stable,0,New
CPD-1380,train,4,120.0,Stable,0,New
CPD-1381,train,0,120.0,Stable,0,New
CPD-1384,train,3,88.2,Stable,0,New
CPD-1385,train,4,120.0,Stable,0,New
CPD-1387,train,3,63.11022587,Stable,0,New
CPD-1389,train,4,16.15,Unstable,1,New
CPD-1393,train,0,120.0,Stable,0,New
CPD-1395,train,3,120.0,Stable,0,New
CPD-1397,internal_test,,69.37,Stable,0,New
CPD-1400,train,4,120.0,Stable,0,New
CPD-1402,train,1,120.0,Stable,0,New
CPD-1405,train,4,120.0,Stable,0,New
CPD-1412,train,3,120.0,Stable,0,New
CPD-1414,internal_test,,119.11,Stable,0,New
CPD-1417,train,0,120.0,Stable,0,New
CPD-1419,train,4,120.0,Stable,0,New
CPD-1422,train,1,120.0,Stable,0,New
CPD-1424,train,0,120.0,Stable,0,New
CPD-1428,train,3,120.0,Stable,0,New
CPD-1433,train,2,120.0,Stable,0,New
CPD-1436,train,3,120.0,Stable,0,New
CPD-1444,train,3,120.0,Stable,0,New
CPD-1453,train,2,120.0,Stable,0,New
CPD-1454,train,4,100.2924003,Stable,0,New
CPD-1455,train,3,58.36035447,Stable,0,New
CPD-1459,train,0,120.0,Stable,0,New
CPD-1460,train,2,120.0,Stable,0,New
CPD-1464,train,4,84.31,Stable,0,New
CPD-1467,train,2,110.05256,Stable,0,New
CPD-1477,internal_test,,92.5,Stable,0,New
CPD-1481,train,2,89.45,Stable,0,New
CPD-1484,train,3,67.37173445,Stable,0,New
CPD-1490,train,1,104.62,Stable,0,New
CPD-1492,train,4,120.0,Stable,0,New
CPD-1493,internal_test,,120.0,Stable,0,New
CPD-1494,train,0,120.0,Stable,0,New
CPD-1496,train,1,120.0,Stable,0,New
CPD-1499,external_test,,106.85,Stable,0,New
CPD-1500,train,1,90.45368376,Stable,0,New
CPD-1503,external_test,,120.0,Stable,0,New
CPD-1504,train,1,120.0,Stable,0,New
CPD-1507,train,0,120.0,Stable,0,New
CPD-1510,train,0,120.0,Stable,0,New
CPD-1511,train,0,120.0,Stable,0,New
CPD-1512,train,4,120.0,Stable,0,New
CPD-1517,internal_test,,120.0,Stable,0,New
CPD-1518,train,1,120.0,Stable,0,New
CPD-1519,train,1,120.0,Stable,0,New
CPD-1524,train,4,120.0,Stable,0,New
CPD-1526,train,0,120.0,Stable,0,New
CPD-1527,train,1,61.12,Stable,0,New
CPD-1528,train,4,120.0,Stable,0,New
CPD-1530,internal_test,,120.0,Stable,0,New
CPD-1532,train,3,120.0,Stable,0,New
CPD-1534,train,4,120.0,Stable,0,New
CPD-1535,train,0,120.0,Stable,0,New
CPD-1536,internal_test,,120.0,Stable,0,New
CPD-1537,external_test,,54.93,Stable,0,New
CPD-1538,train,0,120.0,Stable,0,New
CPD-1545,train,1,120.0,Stable,0,New
CPD-1548,train,1,120.0,Stable,0,New
CPD-1550,train,2,120.0,Stable,0,New
CPD-1551,train,4,59.95,Stable,0,New
CPD-1555,train,1,120.0,Stable,0,New
CPD-1556,train,2,120.0,Stable,0,New
CPD-1558,external_test,,120.0,Stable,0,New
CPD-1560,train,1,77.42721881,Stable,0,New
CPD-1563,train,4,120.0,Stable,0,New
CPD-1564,external_test,,120.0,Stable,0,New
CPD-1565,train,2,120.0,Stable,0,New
CPD-1566,train,2,88.69,Stable,0,New
CPD-1570,train,2,26.65,Unstable,1,New
CPD-1573,train,3,120.0,Stable,0,New
CPD-1574,internal_test,,120.0,Stable,0,New
CPD-1576,train,0,120.0,Stable,0,New
CPD-1578,train,0,120.0,Stable,0,New
CPD-1584,external_test,,74.51648085,Stable,0,New
CPD-1585,external_test,,64.49,Stable,0,New
CPD-1586,train,1,120.0,Stable,0,New
CPD-1587,train,0,6.278724455,Unstable,1,New
CPD-1588,train,3,120.0,Stable,0,New
CPD-1590,train,3,72.3,Stable,0,New
CPD-1591,internal_test,,52.12,Stable,0,New
CPD-1592,external_test,,120.0,Stable,0,New
CPD-1597,external_test,,44.56773733,Stable,0,New
CPD-1602,train,2,120.0,Stable,0,New
CPD-1604,train,0,73.19,Stable,0,New
CPD-1608,train,2,120.0,Stable,0,New
CPD-1614,internal_test,,66.22,Stable,0,New
CPD-1616,train,3,106.0,Stable,0,New
CPD-1617,train,2,120.0,Stable,0,New
CPD-1619,train,0,120.0,Stable,0,New
CPD-1623,train,4,120.0,Stable,0,New
CPD-1629,train,3,112.51,Stable,0,New
CPD-1635,train,0,120.0,Stable,0,New
CPD-1638,train,1,120.0,Stable,0,New
CPD-1639,train,0,120.0,Stable,0,New
CPD-1641,train,0,85.31,Stable,0,New
CPD-1648,train,4,120.0,Stable,0,New
CPD-1651,internal_test,,120.0,Stable,0,New
CPD-1653,train,0,53.10416035,Stable,0,New
CPD-1655,train,4,120.0,Stable,0,New
CPD-1658,train,3,29.67,Unstable,1,New
CPD-1659,train,3,103.93,Stable,0,New
CPD-1661,train,4,97.41779805,Stable,0,New
CPD-1665,train,1,120.0,Stable,0,New
CPD-1666,external_test,,120.0,Stable,0,New
CPD-1668,internal_test,,78.08,Stable,0,New
CPD-1669,train,1,120.0,Stable,0,New
CPD-1670,internal_test,,120.0,Stable,0,New
CPD-1682,train,0,49.71,Stable,0,New
CPD-1684,train,2,93.81,Stable,0,New
CPD-1686,train,2,120.0,Stable,0,New
CPD-1688,train,1,120.0,Stable,0,New
CPD-1689,train,4,120.0,Stable,0,New
CPD-1690,internal_test,,120.0,Stable,0,New
CPD-1691,train,2,120.0,Stable,0,New
CPD-1694,internal_test,,120.0,Stable,0,New
CPD-1699,internal_test,,120.0,Stable,0,New
CPD-1700,external_test,,41.45415866,Stable,0,New
CPD-1701,train,1,120.0,Stable,0,New
CPD-1702,train,3,120.0,Stable,0,New
CPD-1706,train,1,30.01938995,Stable,0,New
CPD-1707,train,4,75.58370932,Stable,0,New
CPD-1710,internal_test,,120.0,Stable,0,New
CPD-1715,train,3,120.0,Stable,0,New
CPD-1716,internal_test,,106.55,Stable,0,New
CPD-1717,train,3,120.0,Stable,0,New
CPD-1719,external_test,,120.0,Stable,0,New
CPD-1723,internal_test,,120.0,Stable,0,New
CPD-1727,train,2,120.0,Stable,0,New
CPD-1728,train,1,120.0,Stable,0,New
CPD-1730,train,0,120.0,Stable,0,New
CPD-1731,train,2,120.0,Stable,0,New
CPD-1734,external_test,,120.0,Stable,0,New
CPD-1741,internal_test,,120.0,Stable,0,New
CPD-1742,train,4,114.2272251,Stable,0,New
CPD-1744,train,4,120.0,Stable,0,New
CPD-1748,train,3,96.4,Stable,0,New
CPD-1749,train,1,120.0,Stable,0,New
CPD-1751,external_test,,75.18,Stable,0,New
CPD-1753,internal_test,,120.0,Stable,0,New
CPD-1755,train,1,120.0,Stable,0,New
CPD-1758,train,2,116.19,Stable,0,New
CPD-1761,train,4,109.9486288,Stable,0,New
CPD-1762,train,0,74.61,Stable,0,New
CPD-1764,train,1,120.0,Stable,0,New
CPD-1767,train,2,120.0,Stable,0,New
CPD-1768,train,0,120.0,Stable,0,New
CPD-1771,train,3,83.4792986,Stable,0,New
CPD-1772,train,2,120.0,Stable,0,New
CPD-1773,train,4,106.29,Stable,0,New
CPD-1774,train,2,120.0,Stable,0,New
CPD-1777,train,0,120.0,Stable,0,New
CPD-1780,external_test,,104.56,Stable,0,New
CPD-1785,train,1,120.0,Stable,0,New
CPD-1787,train,4,120.0,Stable,0,New
CPD-1788,train,4,120.0,Stable,0,New
CPD-1794,external_test,,104.0072099,Stable,0,New
CPD-1798,train,0,120.0,Stable,0,New
CPD-1801,external_test,,120.0,Stable,0,New
CPD-1803,train,3,120.0,Stable,0,New
CPD-1805,external_test,,114.46,Stable,0,New
CPD-1808,train,1,120.0,Stable,0,New
CPD-1810,train,2,120.0,Stable,0,New
CPD-1812,train,0,120.0,Stable,0,New
CPD-1814,train,3,20.3,Unstable,1,New
CPD-1816,train,0,120.0,Stable,0,New
CPD-1820,train,0,120.0,Stable,0,New
CPD-1821,internal_test,,120.0,Stable,0,New
CPD-1824,train,2,120.0,Stable,0,New
CPD-1825,train,3,120.0,Stable,0,New
CPD-1830,train,3,105.76,Stable,0,New
CPD-1831,train,0,52.21,Stable,0,New
CPD-1834,train,0,120.0,Stable,0,New
CPD-1836,train,3,120.0,Stable,0,New
CPD-1839,train,0,120.0,Stable,0,New
CPD-1841,train,3,120.0,Stable,0,New
CPD-1842,train,4,88.66,Stable,0,New
CPD-1843,train,2,120.0,Stable,0,New
CPD-1845,internal_test,,120.0,Stable,0,New
CPD-1847,train,2,43.67,Stable,0,New
CPD-1852,train,2,120.0,Stable,0,New
CPD-1856,train,4,120.0,Stable,0,New
CPD-1858,train,2,120.0,Stable,0,New
CPD-1861,train,2,120.0,Stable,0,New
CPD-1862,train,1,108.87,Stable,0,New
CPD-1863,train,2,113.79,Stable,0,New
CPD-1865,train,0,117.08,Stable,0,New
CPD-1866,internal_test,,120.0,Stable,0,New
CPD-1867,train,3,120.0,Stable,0,New
CPD-1871,train,2,120.0,Stable,0,New
CPD-1872,train,3,120.0,Stable,0,New
CPD-1873,internal_test,,120.0,Stable,0,New
CPD-1876,external_test,,59.28,Stable,0,New
CPD-1877,train,3,120.0,Stable,0,New
CPD-1878,train,1,104.62,Stable,0,New
CPD-1883,internal_test,,96.06,Stable,0,New
CPD-1884,train,2,120.0,Stable,0,New
CPD-1885,train,0,101.6,Stable,0,New
CPD-1887,train,0,120.0,Stable,0,New
CPD-1889,train,1,120.0,Stable,0,New
CPD-1890,train,4,120.0,Stable,0,New
CPD-1894,train,1,120.0,Stable,0,New
CPD-1895,train,1,120.0,Stable,0,New
CPD-1898,external_test,,120.0,Stable,0,New
CPD-1900,train,3,40.51,Stable,0,New
CPD-1902,train,0,35.63349958,Stable,0,New
CPD-1905,train,2,120.0,Stable,0,New
CPD-1906,train,4,120.0,Stable,0,New
CPD-1907,train,3,30.95,Stable,0,New
CPD-1909,train,4,120.0,Stable,0,New
CPD-1911,train,4,120.0,Stable,0,New
CPD-1912,train,4,120.0,Stable,0,New
CPD-1916,train,1,120.0,Stable,0,New
CPD-1918,train,4,120.0,Stable,0,New
CPD-1919,internal_test,,120.0,Stable,0,New
CPD-1920,train,0,120.0,Stable,0,New
CPD-1922,train,3,120.0,Stable,0,New
CPD-1924,train,4,120.0,Stable,0,New
CPD-1925,train,4,58.31,Stable,0,New
CPD-1928,external_test,,90.35,Stable,0,New
CPD-1929,train,4,120.0,Stable,0,New
CPD-1931,train,1,120.0,Stable,0,New
CPD-1932,train,4,120.0,Stable,0,New
CPD-1935,train,4,120.0,Stable,0,New
CPD-1938,train,3,54.19,Stable,0,New
CPD-1939,train,2,120.0,Stable,0,New
CPD-1942,train,0,120.0,Stable,0,New
CPD-1947,internal_test,,120.0,Stable,0,New
CPD-1954,internal_test,,120.0,Stable,0,New
CPD-1958,train,2,54.02061625,Stable,0,New
CPD-1959,train,2,120.0,Stable,0,New
CPD-1961,internal_test,,98.88,Stable,0,New
CPD-1962,internal_test,,120.0,Stable,0,New
CPD-1964,train,0,120.0,Stable,0,New
CPD-1965,train,2,120.0,Stable,0,New
CPD-1966,train,0,120.0,Stable,0,New
CPD-1967,train,3,70.11184059,Stable,0,New
CPD-1968,train,0,120.0,Stable,0,New
CPD-1969,train,3,120.0,Stable,0,New
CPD-1970,train,0,120.0,Stable,0,New
CPD-1971,internal_test,,120.0,Stable,0,New
CPD-1972,train,4,14.12,Unstable,1,New
CPD-1973,external_test,,120.0,Stable,0,New
CPD-1975,train,4,120.0,Stable,0,New
CPD-1978,train,1,120.0,Stable,0,New
CPD-1983,train,3,120.0,Stable,0,New
CPD-1989,train,1,76.73,Stable,0,New
CPD-1993,train,3,120.0,Stable,0,New
CPD-1999,train,3,120.0,Stable,0,New
CPD-2000,train,1,120.0,Stable,0,New
CPD-2002,train,1,120.0,Stable,0,New
CPD-2003,train,4,85.87,Stable,0,New
CPD-2005,external_test,,87.31333295,Stable,0,New
CPD-2006,train,1,120.0,Stable,0,New
CPD-2010,train,1,120.0,Stable,0,New
CPD-2014,train,1,120.0,Stable,0,New
CPD-2015,train,2,120.0,Stable,0,New
CPD-2018,train,0,120.0,Stable,0,New
CPD-2021,train,4,120.0,Stable,0,New
CPD-2022,train,2,65.4679146,Stable,0,New
CPD-2024,internal_test,,120.0,Stable,0,New
CPD-2025,internal_test,,120.0,Stable,0,New
CPD-2026,train,0,115.39,Stable,0,New
CPD-2027,external_test,,120.0,Stable,0,New
CPD-2030,train,4,120.0,Stable,0,New
CPD-2033,train,1,74.49400953,Stable,0,New
CPD-2041,external_test,,120.0,Stable,0,New
CPD-2042,train,3,120.0,Stable,0,New
CPD-2043,train,0,120.0,Stable,0,New
CPD-2048,internal_test,,120.0,Stable,0,New
CPD-2050,train,3,120.0,Stable,0,New
CPD-2051,train,4,108.49,Stable,0,New
CPD-2054,train,1,120.0,Stable,0,New
CPD-2064,train,0,120.0,Stable,0,New
CPD-2066,train,3,120.0,Stable,0,New
CPD-2067,train,0,120.0,Stable,0,New
CPD-2068,train,0,120.0,Stable,0,New
CPD-2071,train,2,120.0,Stable,0,New
CPD-2073,internal_test,,120.0,Stable,0,New
CPD-2074,train,2,104.83,Stable,0,New
CPD-2078,external_test,,120.0,Stable,0,New
CPD-2083,train,4,120.0,Stable,0,New
CPD-2084,train,2,97.06,Stable,0,New
CPD-2085,train,4,105.9,Stable,0,New
CPD-2086,internal_test,,120.0,Stable,0,New
CPD-2091,train,3,94.10055781,Stable,0,New
CPD-2094,train,0,120.0,Stable,0,New
CPD-2095,train,4,94.09,Stable,0,New
CPD-2098,external_test,,62.96656177,Stable,0,New
CPD-2100,train,0,120.0,Stable,0,New
CPD-2102,internal_test,,120.0,Stable,0,New
CPD-2111,train,0,120.0,Stable,0,New
CPD-2115,train,1,87.39120478,Stable,0,New
CPD-2117,internal_test,,41.26,Stable,0,New
CPD-2121,train,3,120.0,Stable,0,New
CPD-2122,train,0,106.75,Stable,0,New
CPD-2129,train,0,120.0,Stable,0,New
CPD-2130,internal_test,,120.0,Stable,0,New
CPD-2132,train,0,120.0,Stable,0,New
CPD-2135,train,2,120.0,Stable,0,New
CPD-2138,train,2,120.0,Stable,0,New
CPD-2144,external_test,,120.0,Stable,0,New
CPD-2154,internal_test,,120.0,Stable,0,New
CPD-2156,train,1,120.0,Stable,0,New
CPD-2159,train,3,79.97,Stable,0,New
CPD-2167,train,2,120.0,Stable,0,New
CPD-2170,train,3,120.0,Stable,0,New
CPD-2171,train,0,120.0,Stable,0,New
CPD-2172,external_test,,87.98,Stable,0,New
CPD-2174,train,1,120.0,Stable,0,New
CPD-2178,train,2,80.38,Stable,0,New
CPD-2180,train,4,120.0,Stable,0,New
CPD-2191,train,2,120.0,Stable,0,New
CPD-2193,train,3,120.0,Stable,0,New
CPD-2194,train,1,120.0,Stable,0,New
CPD-2197,internal_test,,120.0,Stable,0,New
CPD-2198,train,2,120.0,Stable,0,New
CPD-2200,train,0,5.28,Unstable,1,New
CPD-2204,train,3,28.66,Unstable,1,New
CPD-2208,train,3,92.52,Stable,0,New
CPD-2209,train,1,120.0,Stable,0,New
CPD-2212,train,1,19.17515675,Unstable,1,New
CPD-2213,train,1,94.29,Stable,0,New
CPD-2217,train,0,120.0,Stable,0,New
CPD-2237,train,0,120.0,Stable,0,New
CPD-2239,train,2,120.0,Stable,0,New
CPD-2243,train,1,51.95015671,Stable,0,New
CPD-2246,train,0,120.0,Stable,0,New
CPD-2247,train,3,52.92,Stable,0,New
CPD-2249,train,1,120.0,Stable,0,New
CPD-2252,train,2,120.0,Stable,0,New
CPD-2255,train,1,120.0,Stable,0,New
CPD-2257,train,1,120.0,Stable,0,New
CPD-2258,train,3,120.0,Stable,0,New
CPD-2262,train,1,115.54,Stable,0,New
CPD-2263,external_test,,120.0,Stable,0,New
CPD-2265,train,1,120.0,Stable,0,New
CPD-2266,train,0,8.12,Unstable,1,New
CPD-2267,train,3,120.0,Stable,0,New
CPD-2268,train,4,120.0,Stable,0,New
CPD-2269,train,2,86.67,Stable,0,New
CPD-2276,train,4,120.0,Stable,0,New
CPD-2277,train,4,97.47,Stable,0,New
CPD-2283,train,1,120.0,Stable,0,New
CPD-2285,external_test,,120.0,Stable,0,New
CPD-2288,train,2,120.0,Stable,0,New
CPD-2289,train,4,120.0,Stable,0,New
CPD-2291,train,0,120.0,Stable,0,New
CPD-2298,internal_test,,120.0,Stable,0,New
CPD-2299,train,4,120.0,Stable,0,New
CPD-2300,internal_test,,120.0,Stable,0,New
CPD-2305,internal_test,,119.87,Stable,0,New
CPD-2306,external_test,,59.12529011,Stable,0,New
CPD-2307,train,3,120.0,Stable,0,New
CPD-2309,train,2,120.0,Stable,0,New
CPD-2311,internal_test,,40.18,Stable,0,New
CPD-2313,train,1,120.0,Stable,0,New
CPD-2318,train,1,120.0,Stable,0,New
CPD-2322,train,2,120.0,Stable,0,New
CPD-2325,external_test,,120.0,Stable,0,New
CPD-2327,internal_test,,83.24,Stable,0,New
CPD-2329,train,3,120.0,Stable,0,New
CPD-2331,train,1,36.53,Stable,0,New
CPD-2332,internal_test,,120.0,Stable,0,New
CPD-2334,train,3,120.0,Stable,0,New
CPD-2336,train,0,120.0,Stable,0,New
CPD-2339,train,4,120.0,Stable,0,New
CPD-2343,train,1,120.0,Stable,0,New
CPD-2346,train,1,120.0,Stable,0,New
CPD-2347,train,2,120.0,Stable,0,New
CPD-2348,internal_test,,120.0,Stable,0,New
CPD-2354,train,4,120.0,Stable,0,New
CPD-2356,train,1,81.72,Stable,0,New
CPD-2357,external_test,,120.0,Stable,0,New
CPD-2361,train,2,120.0,Stable,0,New
CPD-2362,train,1,120.0,Stable,0,New
CPD-2376,train,0,120.0,Stable,0,New
CPD-2378,train,2,120.0,Stable,0,New
CPD-2382,train,1,120.0,Stable,0,New
CPD-2384,train,3,120.0,Stable,0,New
CPD-2385,train,4,46.17,Stable,0,New
CPD-2390,train,1,120.0,Stable,0,New
CPD-2392,train,2,92.91,Stable,0,New
CPD-2399,train,3,106.65,Stable,0,New
CPD-2402,train,1,120.0,Stable,0,New
CPD-2403,external_test,,62.22,Stable,0,New
CPD-2410,train,0,120.0,Stable,0,New
CPD-2411,internal_test,,120.0,Stable,0,New
CPD-2414,train,0,120.0,Stable,0,New
CPD-2416,train,0,120.0,Stable,0,New
CPD-2417,train,3,120.0,Stable,0,New
CPD-2418,train,3,102.0,Stable,0,New
CPD-2420,train,3,120.0,Stable,0,New
CPD-2421,train,2,86.94,Stable,0,New
CPD-2423,internal_test,,120.0,Stable,0,New
CPD-2425,train,3,120.0,Stable,0,New
CPD-2426,internal_test,,120.0,Stable,0,New
CPD-2427,external_test,,82.32759457,Stable,0,New
CPD-2428,train,0,90.69463448,Stable,0,New
CPD-2429,train,4,120.0,Stable,0,New
CPD-2430,train,3,78.73,Stable,0,New
CPD-2431,train,1,120.0,Stable,0,New
CPD-2436,train,4,120.0,Stable,0,New
CPD-2440,train,1,120.0,Stable,0,New
CPD-2441,external_test,,120.0,Stable,0,New
CPD-2443,external_test,,86.94930836,Stable,0,New
CPD-2445,train,3,120.0,Stable,0,New
CPD-2449,train,0,120.0,Stable,0,New
CPD-2450,train,1,26.94,Unstable,1,New
CPD-2453,train,4,120.0,Stable,0,New
CPD-2454,train,0,120.0,Stable,0,New
CPD-2456,external_test,,120.0,Stable,0,New
CPD-2458,train,1,91.03,Stable,0,New
CPD-2459,train,1,120.0,Stable,0,New
CPD-2462,train,2,120.0,Stable,0,New
CPD-2465,internal_test,,79.79,Stable,0,New
CPD-2466,train,2,3.754178873,Unstable,1,New
CPD-2468,train,2,120.0,Stable,0,New
CPD-2469,internal_test,,120.0,Stable,0,New
CPD-2470,train,3,120.0,Stable,0,New
CPD-2474,train,3,120.0,Stable,0,New
CPD-2477,train,3,120.0,Stable,0,New
CPD-2480,train,3,120.0,Stable,0,New
CPD-2481,train,3,47.21,Stable,0,New
CPD-2484,train,3,96.01,Stable,0,New
CPD-2488,internal_test,,120.0,Stable,0,New
CPD-2489,internal_test,,120.0,Stable,0,New
CPD-2490,external_test,,67.99,Stable,0,New
CPD-2492,train,0,98.55,Stable,0,New
CPD-2494,train,1,120.0,Stable,0,New
CPD-2495,external_test,,120.0,Stable,0,New
CPD-2496,train,2,120.0,Stable,0,New
CPD-2499,train,4,64.89,Stable,0,New
CPD-2500,train,0,120.0,Stable,0,New
CPD-2502,train,2,109.49,Stable,0,New
CPD-2506,train,4,90.85,Stable,0,New
CPD-2511,train,2,120.0,Stable,0,New
CPD-2512,train,1,111.6162841,Stable,0,New
CPD-2513,train,1,120.0,Stable,0,New
CPD-2516,train,2,120.0,Stable,0,New
CPD-2517,train,1,88.06712727,Stable,0,New
CPD-2519,train,1,120.0,Stable,0,New
CPD-2519,train,1,120.0,Stable,0,New
CPD-2523,train,2,106.017185,Stable,0,New
CPD-2532,train,1,79.38696329,Stable,0,New
CPD-2534,train,2,120.0,Stable,0,New
CPD-2538,train,4,120.0,Stable,0,New
CPD-2539,internal_test,,120.0,Stable,0,New
CPD-2541,train,3,51.9,Stable,0,New
CPD-2544,train,3,21.97,Unstable,1,New
CPD-2545,train,0,120.0,Stable,0,New
CPD-2552,train,1,120.0,Stable,0,New
CPD-2554,train,4,116.64,Stable,0,New
CPD-2558,train,2,120.0,Stable,0,New
CPD-2559,train,2,110.924624,Stable,0,New
CPD-2560,train,2,120.0,Stable,0,New
CPD-2562,train,3,120.0,Stable,0,New
CPD-2564,train,1,47.32,Stable,0,New
CPD-2571,train,3,120.0,Stable,0,New
CPD-2576,train,4,101.11,Stable,0,New
CPD-2579,train,2,120.0,Stable,0,New
CPD-2581,external_test,,84.5302541,Stable,0,New
CPD-2582,train,2,120.0,Stable,0,New
CPD-2585,train,0,120.0,Stable,0,New
CPD-2587,internal_test,,120.0,Stable,0,New
CPD-2589,train,4,70.51132744,Stable,0,New
CPD-2591,train,3,120.0,Stable,0,New
CPD-2594,train,1,107.52,Stable,0,New
CPD-2596,external_test,,1.846862314,Unstable,1,New
CPD-2599,train,2,120.0,Stable,0,New
CPD-2601,external_test,,120.0,Stable,0,New
CPD-2602,external_test,,112.22,Stable,0,New
CPD-2603,train,1,120.0,Stable,0,New
CPD-2604,internal_test,,45.68,Stable,0,New
CPD-2607,train,3,120.0,Stable,0,New
CPD-2608,train,0,120.0,Stable,0,New
CPD-2609,external_test,,120.0,Stable,0,New
CPD-2613,train,3,65.05,Stable,0,New
CPD-2614,train,1,54.28,Stable,0,New
CPD-2615,train,3,120.0,Stable,0,New
CPD-2618,train,3,120.0,Stable,0,New
CPD-2620,train,2,120.0,Stable,0,New
CPD-2621,train,4,120.0,Stable,0,New
CPD-2623,train,2,120.0,Stable,0,New
CPD-2624,train,4,120.0,Stable,0,New
CPD-2625,train,1,120.0,Stable,0,New
CPD-2631,train,1,120.0,Stable,0,New
CPD-2638,train,0,120.0,Stable,0,New
CPD-2639,train,3,120.0,Stable,0,New
CPD-2640,train,4,120.0,Stable,0,New
CPD-2644,train,4,65.03,Stable,0,New
CPD-2645,train,2,108.57,Stable,0,New
CPD-2646,train,0,66.59,Stable,0,New
CPD-2647,train,2,120.0,Stable,0,New
CPD-2648,internal_test,,120.0,Stable,0,New
CPD-2649,external_test,,28.29,Unstable,1,New
CPD-2650,train,0,120.0,Stable,0,New
CPD-2651,train,1,7.83,Unstable,1,New
CPD-2652,train,4,120.0,Stable,0,New
CPD-2657,internal_test,,120.0,Stable,0,New
CPD-2659,train,3,3.48,Unstable,1,New
CPD-2660,train,2,1.808353069,Unstable,1,New
CPD-2661,train,3,120.0,Stable,0,New
CPD-2662,train,1,28.79,Unstable,1,New
CPD-2667,train,2,120.0,Stable,0,New
CPD-2669,train,1,116.66,Stable,0,New
CPD-2670,train,3,120.0,Stable,0,New
CPD-2672,train,4,94.37530467,Stable,0,New
CPD-2675,external_test,,46.59,Stable,0,New
CPD-2676,train,4,64.10983837,Stable,0,New
CPD-2677,train,4,120.0,Stable,0,New
CPD-2678,train,0,120.0,Stable,0,New
CPD-2679,train,0,120.0,Stable,0,New
CPD-2682,train,2,120.0,Stable,0,New
CPD-2686,train,0,120.0,Stable,0,New
CPD-2691,train,0,120.0,Stable,0,New
CPD-2692,train,1,106.05,Stable,0,New
CPD-2693,internal_test,,94.05,Stable,0,New
CPD-2699,train,4,120.0,Stable,0,New
CPD-2704,train,4,72.67,Stable,0,New
CPD-2707,train,0,120.0,Stable,0,New
CPD-2708,internal_test,,120.0,Stable,0,New
CPD-2716,train,1,120.0,Stable,0,New
CPD-2720,external_test,,120.0,Stable,0,New
CPD-2723,train,0,52.63,Stable,0,New
CPD-2726,train,4,120.0,Stable,0,New
CPD-2728,train,1,120.0,Stable,0,New
CPD-2729,train,4,120.0,Stable,0,New
CPD-2731,train,3,48.37,Stable,0,New
CPD-2734,train,4,100.4,Stable,0,New
CPD-2737,train,4,120.0,Stable,0,New
CPD-2738,train,4,120.0,Stable,0,New
CPD-2740,train,2,86.38478316,Stable,0,New
CPD-2751,train,3,120.0,Stable,0,New
CPD-2753,train,1,120.0,Stable,0,New
CPD-2754,external_test,,120.0,Stable,0,New
CPD-2755,train,1,105.8256035,Stable,0,New
CPD-2762,internal_test,,120.0,Stable,0,New
CPD-2765,train,1,120.0,Stable,0,New
CPD-2768,train,1,52.71,Stable,0,New
CPD-2769,train,4,120.0,Stable,0,New
CPD-2771,external_test,,120.0,Stable,0,New
CPD-2773,train,0,120.0,Stable,0,New
CPD-2774,train,4,101.8296027,Stable,0,New
CPD-2778,train,3,10.42,Unstable,1,New
CPD-2779,train,3,120.0,Stable,0,New
CPD-2780,train,2,120.0,Stable,0,New
CPD-2782,train,0,1.690296297,Unstable,1,New
CPD-2784,train,2,120.0,Stable,0,New
CPD-2785,internal_test,,100.73,Stable,0,New
CPD-2790,train,1,120.0,Stable,0,New
CPD-2791,train,0,120.0,Stable,0,New
CPD-2792,train,3,120.0,Stable,0,New
CPD-2798,train,1,98.797482,Stable,0,New
CPD-2802,train,1,120.0,Stable,0,New
CPD-2803,train,1,120.0,Stable,0,New
CPD-2804,train,3,120.0,Stable,0,New
CPD-2807,train,3,120.0,Stable,0,New
CPD-2808,train,2,120.0,Stable,0,New
CPD-2809,train,1,120.0,Stable,0,New
CPD-2812,train,1,120.0,Stable,0,New
CPD-2817,train,0,120.0,Stable,0,New
CPD-2819,train,1,120.0,Stable,0,New
CPD-2820,external_test,,64.95,Stable,0,New
CPD-2821,train,3,88.35,Stable,0,New
CPD-2822,train,0,120.0,Stable,0,New
CPD-2825,train,4,120.0,Stable,0,New
CPD-2828,train,3,80.12,Stable,0,New
CPD-2830,train,4,120.0,Stable,0,New
CPD-2831,train,0,120.0,Stable,0,New
CPD-2832,external_test,,105.75,Stable,0,New
CPD-2836,external_test,,120.0,Stable,0,New
CPD-2837,train,4,120.0,Stable,0,New
CPD-2838,train,3,120.0,Stable,0,New
CPD-2842,train,4,39.34556,Stable,0,New
CPD-2843,train,3,63.46,Stable,0,New
CPD-2844,train,4,120.0,Stable,0,New
CPD-2848,train,2,120.0,Stable,0,New
CPD-2849,train,3,108.67,Stable,0,New
CPD-2854,train,2,87.84,Stable,0,New
CPD-2861,train,0,120.0,Stable,0,New
CPD-2864,external_test,,69.09,Stable,0,New
CPD-2865,external_test,,120.0,Stable,0,New
CPD-2866,train,2,113.76,Stable,0,New
CPD-2867,train,2,120.0,Stable,0,New
CPD-2873,train,4,120.0,Stable,0,New
CPD-2874,train,4,112.42,Stable,0,New
CPD-2877,train,4,120.0,Stable,0,New
CPD-2879,train,2,96.6,Stable,0,New
CPD-2882,external_test,,120.0,Stable,0,New
CPD-2885,train,4,120.0,Stable,0,New
CPD-2889,internal_test,,76.17,Stable,0,New
CPD-2892,external_test,,120.0,Stable,0,New
CPD-2893,train,0,104.68,Stable,0,New
CPD-2896,train,1,120.0,Stable,0,New
CPD-2898,train,2,43.01,Stable,0,New
CPD-2899,train,1,120.0,Stable,0,New
CPD-2900,train,4,77.28008916,Stable,0,New
CPD-2901,train,1,27.03,Unstable,1,New
CPD-2903,external_test,,95.98,Stable,0,New
CPD-2905,train,2,120.0,Stable,0,New
CPD-2907,train,0,107.31,Stable,0,New
CPD-2908,train,1,120.0,Stable,0,New
CPD-2909,train,2,120.0,Stable,0,New
CPD-2912,train,0,120.0,Stable,0,New
CPD-2913,train,0,104.64,Stable,0,New
CPD-2916,train,2,120.0,Stable,0,New
CPD-2917,train,3,120.0,Stable,0,New
CPD-2919,train,1,79.69,Stable,0,New
CPD-2932,train,3,120.0,Stable,0,New
CPD-2934,train,3,120.0,Stable,0,New
CPD-2936,external_test,,120.0,Stable,0,New
CPD-2940,train,1,120.0,Stable,0,New
CPD-2942,train,1,120.0,Stable,0,New
CPD-2943,internal_test,,97.1,Stable,0,New
CPD-2947,train,2,120.0,Stable,0,New
CPD-2948,train,3,120.0,Stable,0,New
CPD-2950,train,4,120.0,Stable,0,New
CPD-2951,external_test,,110.71,Stable,0,New
CPD-2954,train,4,120.0,Stable,0,New
CPD-2956,train,0,120.0,Stable,0,New
CPD-2959,train,2,85.74145229,Stable,0,New
CPD-2963,train,3,120.0,Stable,0,New
CPD-2964,train,2,120.0,Stable,0,New
CPD-2965,train,2,76.18,Stable,0,New
CPD-2969,train,1,120.0,Stable,0,New
CPD-2971,train,3,100.07,Stable,0,New
CPD-2974,train,0,120.0,Stable,0,New
CPD-2975,train,2,120.0,Stable,0,New
CPD-2983,train,3,120.0,Stable,0,New
CPD-2984,train,4,120.0,Stable,0,New
CPD-2985,train,3,56.11,Stable,0,New
CPD-2986,train,3,120.0,Stable,0,New
CPD-2988,train,1,120.0,Stable,0,New
CPD-2990,train,2,102.53,Stable,0,New
CPD-2992,train,0,120.0,Stable,0,New
CPD-2993,internal_test,,111.75,Stable,0,New
CPD-2997,train,4,120.0,Stable,0,New
CPD-2998,train,4,40.53,Stable,0,New
CPD-3001,train,1,120.0,Stable,0,New
CPD-3002,train,2,120.0,Stable,0,New
CPD-3005,train,2,120.0,Stable,0,New
CPD-3006,train,4,120.0,Stable,0,New
CPD-3007,internal_test,,37.45697767,Stable,0,New
CPD-3009,train,2,117.44,Stable,0,New
CPD-3013,train,2,120.0,Stable,0,New
CPD-3015,train,4,72.71417075,Stable,0,New
CPD-3018,train,4,120.0,Stable,0,New
CPD-3020,internal_test,,120.0,Stable,0,New
CPD-3021,internal_test,,120.0,Stable,0,New
CPD-3022,train,2,1.760787672,Unstable,1,New
CPD-3024,train,4,120.0,Stable,0,New
CPD-3025,train,3,120.0,Stable,0,New
CPD-3027,train,1,120.0,Stable,0,New
CPD-3029,train,4,95.67376814,Stable,0,New
CPD-3031,train,2,6.56,Unstable,1,New
CPD-3038,internal_test,,120.0,Stable,0,New
CPD-3039,train,0,88.46,Stable,0,New
CPD-3041,train,3,120.0,Stable,0,New
CPD-3042,train,2,120.0,Stable,0,New
CPD-3044,external_test,,98.01,Stable,0,New
CPD-3046,train,3,120.0,Stable,0,New
CPD-3050,train,1,120.0,Stable,0,New
CPD-3051,train,2,120.0,Stable,0,New
CPD-3053,train,1,120.0,Stable,0,New
CPD-3054,train,4,13.62,Unstable,1,New
CPD-3057,train,0,120.0,Stable,0,New
CPD-3058,train,2,120.0,Stable,0,New
CPD-3059,train,3,120.0,Stable,0,New
CPD-3060,train,1,120.0,Stable,0,New
CPD-3061,train,2,120.0,Stable,0,New
CPD-3062,train,3,120.0,Stable,0,New
CPD-3063,train,4,120.0,Stable,0,New
CPD-3065,external_test,,91.61,Stable,0,New
CPD-3067,train,3,120.0,Stable,0,New
CPD-3068,train,4,120.0,Stable,0,New
